region,GCAM_region_ID,year,GCAM_commodity,element,Mt_avail,Pcal_avail,kcalPerg,PcalPerMt
Africa_Eastern,2,2021,Beef,Food,1.608381378961144,3.11098191649078,1.9342314933415654,1.9342314933415654
Africa_Eastern,2,2021,Corn,Food,12.393458522701783,43.10270506738829,3.477859306862139,3.477859306862139
Africa_Eastern,2,2021,Dairy,Food,19.60453955183323,14.35403782769699,0.7321792888706093,0.7321792888706093
Africa_Eastern,2,2021,FiberCrop,Food,0.05252992588800197,0.39512390366666666,7.521881993686849,7.521881993686849
Africa_Eastern,2,2021,Fruits,Food,23.54848037113734,15.953007400166666,0.6774537952656929,0.6774537952656929
Africa_Eastern,2,2021,Legumes,Food,6.202722150658326,19.85748166642057,3.2014140217957356,3.2014140217957356
Africa_Eastern,2,2021,MiscCrop,Food,0.8157671556058892,1.230902515939007,1.5088895250076442,1.5088895250076442
Africa_Eastern,2,2021,NutsSeeds,Food,1.3940123561364437,6.393986408169859,4.586750167617614,4.586750167617614
Africa_Eastern,2,2021,OilCrop,Food,1.4158774510654393,8.86649927631897,6.262193998249625,6.262193998249625
Africa_Eastern,2,2021,OilPalm,Food,4.009438255938705,9.5173469592,2.373735758395352,2.373735758395352
Africa_Eastern,2,2021,OtherGrain,Food,16.034179953766074,53.7470361790617,3.352028998928487,3.352028998928487
Africa_Eastern,2,2021,OtherMeat_Fish,Food,2.502383959556672,3.061616674977462,1.2234799792753885,1.2234799792753885
Africa_Eastern,2,2021,Pork,Food,0.20841090917099217,0.4942999726,2.371756711614593,2.371756711614593
Africa_Eastern,2,2021,Poultry,Food,0.7947957298485985,1.0858580076982267,1.3662101681208996,1.3662101681208996
Africa_Eastern,2,2021,Rice,Food,8.395328852717538,23.00992693513333,2.7408011453518104,2.7408011453518104
Africa_Eastern,2,2021,RootTuber,Food,22.632938493233112,22.213037206909576,0.9814473367455543,0.9814473367455543
Africa_Eastern,2,2021,SheepGoat,Food,0.9015869450403493,1.5613241337659576,1.731751044483106,1.731751044483106
Africa_Eastern,2,2021,Soybean,Food,0.270233052276425,1.5497579592666668,5.734894181935223,5.734894181935223
Africa_Eastern,2,2021,SugarCrop,Food,37.986360417657394,21.452098659433332,0.564731614810395,0.564731614810395
Africa_Eastern,2,2021,Vegetables,Food,12.408904512176642,4.427214758099999,0.35677724441796216,0.3567772444179621
Africa_Eastern,2,2021,Wheat,Food,10.408883280229887,35.656347262806385,3.4255689398045486,3.4255689398045486
Africa_Northern,3,2021,Beef,Food,1.4004019128559082,2.3941483060666666,1.7096151355464537,1.7096151355464537
Africa_Northern,3,2021,Corn,Food,8.143902666639256,28.999037461399997,3.560828100290524,3.560828100290524
Africa_Northern,3,2021,Dairy,Food,13.450991519756354,11.844764209133334,0.8805866981431184,0.8805866981431184
Africa_Northern,3,2021,FiberCrop,Food,9.238872121116057e-4,0.007119528666666666,7.706058243185886,7.706058243185886
Africa_Northern,3,2021,Fruits,Food,19.907593042797526,13.669572195433332,0.6866511770682855,0.6866511770682855
Africa_Northern,3,2021,Legumes,Food,1.0538819652465992,3.416009222066667,3.241358458266577,3.241358458266577
Africa_Northern,3,2021,MiscCrop,Food,0.6212472289942816,1.1148990467666666,1.794614116141078,1.794614116141078
Africa_Northern,3,2021,NutsSeeds,Food,0.680896712206541,2.4780453296,3.6393850714443126,3.639385071444313
Africa_Northern,3,2021,OilCrop,Food,3.451719368509908,8.592873922133332,2.489447433220169,2.489447433220169
Africa_Northern,3,2021,OilPalm,Food,0.25261257019698147,0.5835956599333333,2.310239983221179,2.310239983221179
Africa_Northern,3,2021,OtherGrain,Food,1.8864393095012402,5.7861859602,3.0672526442050354,3.0672526442050354
Africa_Northern,3,2021,OtherMeat_Fish,Food,4.366517941819325,4.080639216933333,0.934529359848026,0.9345293598480259
Africa_Northern,3,2021,Pork,Food,0.002489410411177969,0.0065674154,2.638140890915754,2.638140890915754
Africa_Northern,3,2021,Poultry,Food,5.076558981133756,6.807161895766666,1.3409007796549646,1.3409007796549646
Africa_Northern,3,2021,Rice,Food,5.045867397897032,13.3715658855,2.6500034247972653,2.6500034247972653
Africa_Northern,3,2021,RootTuber,Food,9.04057298390992,5.9137765495,0.6541373605439746,0.6541373605439746
Africa_Northern,3,2021,SheepGoat,Food,0.7439132006720248,1.5430578375999997,2.0742444632062664,2.0742444632062664
Africa_Northern,3,2021,Soybean,Food,1.550282794647388,13.571971502066667,8.754513401636256,8.754513401636256
Africa_Northern,3,2021,SugarCrop,Food,37.44778230942561,15.817054306266666,0.42237626184569843,0.42237626184569843
Africa_Northern,3,2021,Vegetables,Food,31.332177054380015,8.978974122733336,0.2865735792041983,0.2865735792041983
Africa_Northern,3,2021,Wheat,Food,27.118735269892092,91.83101117796667,3.38625714894307,3.38625714894307
Africa_Southern,4,2021,Beef,Food,1.8879582850818357,3.3432257945999995,1.7708155000125352,1.7708155000125352
Africa_Southern,4,2021,Corn,Food,13.12380679881085,45.90484716063333,3.497830154341557,3.497830154341557
Africa_Southern,4,2021,Dairy,Food,4.931911563887562,3.6058184004666667,0.7311198414158897,0.7311198414158897
Africa_Southern,4,2021,FiberCrop,Food,0.04965748516192743,0.2975436606666667,5.991919641045263,5.991919641045263
Africa_Southern,4,2021,Fruits,Food,11.778614388077084,6.474477496266666,0.5496807419742397,0.5496807419742397
Africa_Southern,4,2021,Legumes,Food,2.215080270105332,7.041622553799999,3.178946898147919,3.178946898147919
Africa_Southern,4,2021,MiscCrop,Food,0.11063813615492245,0.21609394423333333,1.953159658535327,1.9531596585353268
Africa_Southern,4,2021,NutsSeeds,Food,0.9265803791948937,3.8314811903999995,4.135076973817616,4.135076973817616
Africa_Southern,4,2021,OilCrop,Food,1.2234871507181997,5.239667639666667,4.2825685881465345,4.2825685881465345
Africa_Southern,4,2021,OilPalm,Food,2.3618541685551544,5.4528006016666675,2.3086948695915357,2.3086948695915357
Africa_Southern,4,2021,OtherGrain,Food,2.008706358876608,4.89389412,2.436341229455243,2.436341229455243
Africa_Southern,4,2021,OtherMeat_Fish,Food,2.501514712704998,2.7070552394893452,1.082166427301196,1.082166427301196
Africa_Southern,4,2021,Pork,Food,0.8699849311191056,2.0671470515333334,2.3760722486012003,2.3760722486012003
Africa_Southern,4,2021,Poultry,Food,1.288460969961326,1.7231368581666666,1.3373605396975181,1.3373605396975181
Africa_Southern,4,2021,Rice,Food,4.617632740323287,11.860062272633332,2.5684290933459972,2.5684290933459972
Africa_Southern,4,2021,RootTuber,Food,33.3288026518711,33.5942076487,1.0079632322709318,1.0079632322709318
Africa_Southern,4,2021,SheepGoat,Food,0.298348415318213,0.3608114153333333,1.2093626002621747,1.2093626002621747
Africa_Southern,4,2021,Soybean,Food,0.5116181228157657,3.884194378133334,7.591979652237685,7.591979652237685
Africa_Southern,4,2021,SugarCrop,Food,13.843048001007734,7.843961265466666,0.5666354161955985,0.5666354161955985
Africa_Southern,4,2021,Vegetables,Food,8.10979412602699,2.1743412426666664,0.26811300125221327,0.26811300125221327
Africa_Southern,4,2021,Wheat,Food,2.684677313265904,8.875720683333334,3.306066110617979,3.3060661106179796
Africa_Western,5,2021,Beef,Food,2.0214738578420928,3.4664317245164895,1.7148041321775378,1.7148041321775378
Africa_Western,5,2021,Corn,Food,15.81273561500833,53.32919075146667,3.372546790755824,3.372546790755824
Africa_Western,5,2021,Dairy,Food,7.12132468203298,4.975760430866668,0.6987127610429635,0.6987127610429635
Africa_Western,5,2021,FiberCrop,Food,0.23990725314382347,1.5845712,6.604932444664588,6.604932444664588
Africa_Western,5,2021,Fruits,Food,40.13098175678487,24.39121604128156,0.607790165441387,0.607790165441387
Africa_Western,5,2021,Legumes,Food,6.346638127411651,20.5200577981,3.233216923062336,3.233216923062336
Africa_Western,5,2021,MiscCrop,Food,1.6313294808211354,2.7416445159991136,1.6806197326974666,1.6806197326974668
Africa_Western,5,2021,NutsSeeds,Food,6.120382084968249,27.54430067673334,4.500421753795822,4.500421753795822
Africa_Western,5,2021,OilCrop,Food,2.3594604761049585,9.402717152229787,3.985113227135709,3.985113227135709
Africa_Western,5,2021,OilPalm,Food,13.626057121212432,28.877666791249638,2.119297353178873,2.119297353178873
Africa_Western,5,2021,OtherGrain,Food,18.727721940690873,60.5548460079,3.2334336338222087,3.2334336338222087
Africa_Western,5,2021,OtherMeat_Fish,Food,7.944393424546058,8.02611783625324,1.0102870549505611,1.0102870549505611
Africa_Western,5,2021,Pork,Food,0.9874410584619691,2.2907305204299644,2.3198655765823526,2.3198655765823526
Africa_Western,5,2021,Poultry,Food,3.0479457633002083,4.014920473863121,1.317254566077287,1.317254566077287
Africa_Western,5,2021,Rice,Food,24.96848330196632,64.34421657693333,2.5770174262793963,2.577017426279397
Africa_Western,5,2021,RootTuber,Food,136.8357409741573,146.43514560871168,1.070152758089477,1.070152758089477
Africa_Western,5,2021,SheepGoat,Food,1.3817965723186727,2.089099235833688,1.5118717745320154,1.5118717745320156
Africa_Western,5,2021,Soybean,Food,0.6960549273526017,4.056876044533333,5.828384923533822,5.8283849235338225
Africa_Western,5,2021,SugarCrop,Food,32.32054338251869,18.604726931,0.5756316257066022,0.5756316257066022
Africa_Western,5,2021,Vegetables,Food,33.17186366582493,10.542126189500001,0.3178032532540808,0.3178032532540808
Africa_Western,5,2021,Wheat,Food,9.330008528202255,30.693849705633333,3.2897986762663285,3.2897986762663285
Argentina,31,2021,Beef,Food,2.248462757036278,4.492615367133334,1.9980830694545713,1.9980830694545713
Argentina,31,2021,Corn,Food,0.6388578092286484,1.9230794104666669,3.010183772800049,3.010183772800049
Argentina,31,2021,Dairy,Food,4.657796466458655,4.390463969266667,0.9426053716350465,0.9426053716350465
Argentina,31,2021,FiberCrop,Food,0.008748834312364551,0.06338015999999999,7.244411968166557,7.244411968166558
Argentina,31,2021,Fruits,Food,3.2734581994878886,1.4749952419,0.4505923558549651,0.4505923558549651
Argentina,31,2021,Legumes,Food,0.42314653319102014,1.3619913842666669,3.2187227767072972,3.2187227767072972
Argentina,31,2021,MiscCrop,Food,0.9615986955592425,0.5037927768333333,0.5239116683080978,0.5239116683080978
Argentina,31,2021,NutsSeeds,Food,0.15400621104043005,0.7712726227333333,5.008061801681863,5.008061801681863
Argentina,31,2021,OilCrop,Food,0.7419852094879714,4.9823642689,6.714910493078731,6.714910493078731
Argentina,31,2021,OilPalm,Food,0,0,2.350175044795836,NA
Argentina,31,2021,OtherGrain,Food,0.4489129491250133,1.0051843129666667,2.2391519668254056,2.2391519668254056
Argentina,31,2021,OtherMeat_Fish,Food,0.9024738890165387,1.3194599772,1.4620478146330278,1.4620478146330278
Argentina,31,2021,Pork,Food,0.7162526965867312,2.5456454588999997,3.5541164047704874,3.5541164047704874
Argentina,31,2021,Poultry,Food,2.8994922206489955,3.9288391586,1.3550093808220687,1.3550093808220687
Argentina,31,2021,Rice,Food,0.6255011661328995,1.6552258115666667,2.646239369624105,2.646239369624105
Argentina,31,2021,RootTuber,Food,2.0915599852819353,1.409610968266667,0.6739519679980185,0.6739519679980186
Argentina,31,2021,SheepGoat,Food,0.053131870000000005,0.11157689100000003,2.0999993224405618,2.0999993224405618
Argentina,31,2021,Soybean,Food,0.12735963062789804,1.0942161159666668,8.591545928423724,8.591545928423724
Argentina,31,2021,SugarCrop,Food,10.762568580466631,5.979273446933333,0.5555619369325394,0.5555619369325394
Argentina,31,2021,Vegetables,Food,3.4267397948929132,0.9470216758,0.2763622955006406,0.2763622955006406
Argentina,31,2021,Wheat,Food,4.852948247990607,13.323958970600001,2.745539059914119,2.745539059914119
Australia_NZ,6,2021,Beef,Food,1.0304444469978051,1.3788808001666666,1.3381418126751317,1.3381418126751317
Australia_NZ,6,2021,Corn,Food,0.121503621901541,0.36636889343333334,3.015291953438359,3.015291953438359
Australia_NZ,6,2021,Dairy,Food,4.026062581628215,4.7946965256666685,1.1909145544696433,1.1909145544696433
Australia_NZ,6,2021,FiberCrop,Food,0.0676813238347192,0.42948200999999997,6.3456502572085345,6.3456502572085345
Australia_NZ,6,2021,Fruits,Food,2.422821816302008,1.2566763151666667,0.5186829286046103,0.5186829286046103
Australia_NZ,6,2021,Legumes,Food,0.20537804810722385,0.6642563572,3.234310401339508,3.234310401339508
Australia_NZ,6,2021,MiscCrop,Food,0.28643913016215905,0.7901924922666665,2.7586750868127634,2.7586750868127634
Australia_NZ,6,2021,NutsSeeds,Food,0.34824482962684367,1.142383432,3.2804031382866565,3.2804031382866565
Australia_NZ,6,2021,OilCrop,Food,0.5241132266537902,3.4330997552999998,6.550301691904788,6.550301691904788
Australia_NZ,6,2021,OilPalm,Food,0.20771045586006903,0.48145545613333335,2.31791632318058,2.31791632318058
Australia_NZ,6,2021,OtherGrain,Food,0.569590707126137,1.329412933866667,2.3339793245121636,2.3339793245121636
Australia_NZ,6,2021,OtherMeat_Fish,Food,1.1685794278781183,1.4388071667,1.2312446483099189,1.2312446483099189
Australia_NZ,6,2021,Pork,Food,0.5998718578584015,1.1877776454333335,1.9800522892902666,1.980052289290267
Australia_NZ,6,2021,Poultry,Food,1.6553029585936896,2.254171200633333,1.3617876950745194,1.3617876950745194
Australia_NZ,6,2021,Rice,Food,0.38025951236988786,0.9844934921999999,2.589004246243178,2.589004246243178
Australia_NZ,6,2021,RootTuber,Food,1.6889596369866664,1.0773439504333333,0.6378743025235709,0.6378743025235709
Australia_NZ,6,2021,SheepGoat,Food,0.3614117458875808,0.6774134823333333,1.8743538084787281,1.874353808478728
Australia_NZ,6,2021,Soybean,Food,0.04801882116827401,0.19651908523333333,4.0925428915604725,4.0925428915604725
Australia_NZ,6,2021,SugarCrop,Food,6.431503280661386,4.0716124017999995,0.6330732060796358,0.6330732060796358
Australia_NZ,6,2021,Vegetables,Food,2.937733411760178,0.8306341949000001,0.28274662077057416,0.28274662077057416
Australia_NZ,6,2021,Wheat,Food,2.094000033052716,6.637750549900001,3.169890374941029,3.169890374941029
Brazil,7,2021,Beef,Food,8.22499091821509,11.769980761133336,1.4310022805092102,1.4310022805092102
Brazil,7,2021,Corn,Food,5.589775103730999,20.558839037000002,3.6779367068413222,3.6779367068413222
Brazil,7,2021,Dairy,Food,31.9776654731136,22.610367578399995,0.7070674873814817,0.7070674873814817
Brazil,7,2021,FiberCrop,Food,0.2702902539255285,2.5443112200000004,9.413255502364578,9.413255502364578
Brazil,7,2021,Fruits,Food,20.882230279820664,9.9124548595,0.47468372518996704,0.47468372518996704
Brazil,7,2021,Legumes,Food,2.699459196666667,8.537471251166668,3.162659862282366,3.162659862282366
Brazil,7,2021,MiscCrop,Food,1.311599008927406,1.4582780354666667,1.1118322181862665,1.1118322181862665
Brazil,7,2021,NutsSeeds,Food,0.1833076750247384,0.5275073285666667,2.877715450242204,2.877715450242204
Brazil,7,2021,OilCrop,Food,2.9672661768060205,5.044178891966667,1.699941492069392,1.6999414920693923
Brazil,7,2021,OilPalm,Food,2.91672967861839,7.860799551333334,2.695073050121283,2.695073050121283
Brazil,7,2021,OtherGrain,Food,2.632291270332861,8.5552929566,3.2501315690334525,3.2501315690334525
Brazil,7,2021,OtherMeat_Fish,Food,2.7671610062492085,3.0831195728999994,1.114181489959293,1.114181489959293
Brazil,7,2021,Pork,Food,3.667525564431036,13.5798996892,3.702741658000338,3.702741658000338
Brazil,7,2021,Poultry,Food,13.047359423217689,17.61206067,1.3498563271476571,1.349856327147657
Brazil,7,2021,Rice,Food,7.245481854117877,19.596612759733333,2.7046665983430556,2.7046665983430556
Brazil,7,2021,RootTuber,Food,11.145583448593026,9.963604157566667,0.8939508822953932,0.8939508822953932
Brazil,7,2021,SheepGoat,Food,0.1485161564004678,0.2775006275333333,1.8684878080541223,1.8684878080541225
Brazil,7,2021,Soybean,Food,2.9707043417379726,25.197000000000003,8.4818269007742515,8.4818269007742515
Brazil,7,2021,SugarCrop,Food,48.61619946623866,29.258709437333334,0.6018304548394807,0.6018304548394807
Brazil,7,2021,Vegetables,Food,10.271733717260433,2.8824139586,0.280616109990901,0.280616109990901
Brazil,7,2021,Wheat,Food,8.506532593329727,28.465558704066662,3.3463174791556685,3.3463174791556685
Canada,8,2021,Beef,Food,0.8678499362008687,1.5408153400999995,1.7754398264348887,1.7754398264348887
Canada,8,2021,Corn,Food,0.628508945263818,2.3283165973666664,3.704508288882588,3.704508288882588
Canada,8,2021,Dairy,Food,4.309839951844042,5.103179773966667,1.1840763998169306,1.1840763998169306
Canada,8,2021,FiberCrop,Food,7.482892193927856e-4,0.00511785,6.839400952686427,6.839400952686426
Canada,8,2021,Fruits,Food,4.4709247113112,1.879007801133333,0.4202727450049749,0.4202727450049749
Canada,8,2021,Legumes,Food,0.32746394666666667,1.0754159205333333,3.284074266740652,3.284074266740652
Canada,8,2021,MiscCrop,Food,0.45920221246224113,1.0989498275333334,2.3931718918355536,2.3931718918355536
Canada,8,2021,NutsSeeds,Food,0.362963880889247,1.3862274548333333,3.8191884311935707,3.8191884311935707
Canada,8,2021,OilCrop,Food,0.8604109119364657,5.9117607942333334,6.870857531232552,6.870857531232552
Canada,8,2021,OilPalm,Food,0,0,2.350175044795836,NA
Canada,8,2021,OtherGrain,Food,0.580152163753016,1.4113974430000003,2.432805617529101,2.432805617529101
Canada,8,2021,OtherMeat_Fish,Food,0.918591110122642,0.9579228772,1.0428174915301616,1.0428174915301616
Canada,8,2021,Pork,Food,0.9110929306720152,2.6830814318,2.944904236959647,2.944904236959647
Canada,8,2021,Poultry,Food,2.121511521049711,2.8648779570999996,1.3503947203088842,1.3503947203088842
Canada,8,2021,Rice,Food,0.5910326799473294,1.4913088588666665,2.523225719091483,2.523225719091483
Canada,8,2021,RootTuber,Food,2.905783379208676,1.9011747472666667,0.6542727034884508,0.6542727034884508
Canada,8,2021,SheepGoat,Food,0.04291298277916683,0.09303237659999998,2.167930788655522,2.167930788655522
Canada,8,2021,Soybean,Food,0.07362722677448753,0.3576307937333334,4.857317182795964,4.857317182795964
Canada,8,2021,SugarCrop,Food,8.98037111648574,5.471080948966666,0.6092265985448101,0.6092265985448101
Canada,8,2021,Vegetables,Food,3.8742041022958964,1.1497599653,0.29677320423532655,0.29677320423532655
Canada,8,2021,Wheat,Food,2.3586498264058386,8.083365015833333,3.427115345965085,3.427115345965085
Central America and Caribbean,9,2021,Beef,Food,0.7425325928775705,1.2905153937333333,1.7379915792411753,1.7379915792411753
Central America and Caribbean,9,2021,Corn,Food,4.376933551563286,14.005073367533333,3.199745484491355,3.199745484491355
Central America and Caribbean,9,2021,Dairy,Food,6.02835031988417,4.863576752966667,0.8067840279494766,0.8067840279494767
Central America and Caribbean,9,2021,FiberCrop,Food,0.0012670166185003383,0.009286318366666666,7.329279056858863,7.329279056858863
Central America and Caribbean,9,2021,Fruits,Food,11.267359279837118,6.299022749833334,0.5590504920798437,0.5590504920798437
Central America and Caribbean,9,2021,Legumes,Food,1.027215293678904,3.2763924702333336,3.1895869253456586,3.1895869253456586
Central America and Caribbean,9,2021,MiscCrop,Food,0.24114779397798272,0.5003700499000001,2.074951802983049,2.074951802983049
Central America and Caribbean,9,2021,NutsSeeds,Food,0.1332979234184571,0.5482097432666667,4.112665292959536,4.112665292959536
Central America and Caribbean,9,2021,OilCrop,Food,0.7331323664226406,1.5092061338666662,2.0585725074871815,2.0585725074871815
Central America and Caribbean,9,2021,OilPalm,Food,1.1802165470616257,3.264836064,2.766302567209748,2.766302567209748
Central America and Caribbean,9,2021,OtherGrain,Food,0.5574095128526139,1.9450502080333332,3.4894456646053493,3.4894456646053493
Central America and Caribbean,9,2021,OtherMeat_Fish,Food,1.056300063983865,1.5406922918,1.4585744565698844,1.4585744565698844
Central America and Caribbean,9,2021,Pork,Food,0.7322707902022277,2.0016884650999995,2.733535861163058,2.733535861163058
Central America and Caribbean,9,2021,Poultry,Food,3.4998310035382585,4.7276413142000004,1.3508198851374396,1.3508198851374396
Central America and Caribbean,9,2021,Rice,Food,4.331648143321623,11.067321256099996,2.554990823334344,2.554990823334344
Central America and Caribbean,9,2021,RootTuber,Food,3.594329486196214,3.1233990372,0.8689796105769403,0.8689796105769403
Central America and Caribbean,9,2021,SheepGoat,Food,0.04321670308137988,0.07458319226666665,1.7257955130501657,1.7257955130501654
Central America and Caribbean,9,2021,Soybean,Food,0.551134849004871,4.602587426333333,8.351109414771656,8.351109414771656
Central America and Caribbean,9,2021,SugarCrop,Food,24.441831813322892,11.482179608966668,0.46977573925976757,0.4697757392597676
Central America and Caribbean,9,2021,Vegetables,Food,6.037735919701241,1.6792042397000004,0.27811819894618556,0.27811819894618556
Central America and Caribbean,9,2021,Wheat,Food,2.998252735265527,9.9175968821,3.307792156894903,3.307792156894903
Central Asia,10,2021,Beef,Food,2.5204279799078373,4.869359837933334,1.9319575392554513,1.9319575392554513
Central Asia,10,2021,Corn,Food,0.6474817647797749,2.143476880866667,3.310482236663017,3.310482236663017
Central Asia,10,2021,Dairy,Food,19.240804269412177,15.9954454197,0.8313293558694194,0.8313293558694194
Central Asia,10,2021,FiberCrop,Food,0.2363760326564302,1.669661749866667,7.063583101479247,7.063583101479247
Central Asia,10,2021,Fruits,Food,7.880958400903563,4.298641258666668,0.5454465104363223,0.5454465104363223
Central Asia,10,2021,Legumes,Food,0.3215593872159203,1.0316305604,3.2082116132012715,3.2082116132012715
Central Asia,10,2021,MiscCrop,Food,0.2135239402976728,1.2010979886666666,5.625120944247381,5.625120944247381
Central Asia,10,2021,NutsSeeds,Food,0.332835697777359,1.2342897870333334,3.708405664644111,3.708405664644111
Central Asia,10,2021,OilCrop,Food,0.9248377434598157,6.600143959966665,7.13654260613926,7.13654260613926
Central Asia,10,2021,OilPalm,Food,0.018937762681395506,0.043922364533333334,2.3193006097009943,2.3193006097009943
Central Asia,10,2021,OtherGrain,Food,0.623521048758612,2.149997908533334,3.4481561012476374,3.448156101247638
Central Asia,10,2021,OtherMeat_Fish,Food,1.5300754182551748,2.7715390389666665,1.8113741361371571,1.8113741361371571
Central Asia,10,2021,Pork,Food,0.22208758996799818,0.5456662701,2.4569867689528624,2.4569867689528624
Central Asia,10,2021,Poultry,Food,1.8456870470270104,2.435590152966667,1.3196116627083982,1.3196116627083982
Central Asia,10,2021,Rice,Food,0.8560016166488178,2.1805119423,2.547322224502964,2.547322224502964
Central Asia,10,2021,RootTuber,Food,8.169667935735117,5.213195088666668,0.638115909933563,0.638115909933563
Central Asia,10,2021,SheepGoat,Food,0.9918129615863376,1.9190707642666667,1.934911962833439,1.934911962833439
Central Asia,10,2021,Soybean,Food,0.037710209286721426,0.2910194537333333,7.717259045703773,7.717259045703773
Central Asia,10,2021,SugarCrop,Food,13.116711053525107,7.767586935966666,0.5921901385392745,0.5921901385392745
Central Asia,10,2021,Vegetables,Food,21.649796226916283,5.591308192433332,0.25826146970759445,0.25826146970759445
Central Asia,10,2021,Wheat,Food,11.801762038735736,37.65172609990002,3.190347846052101,3.1903478460521018
China,11,2021,Beef,Food,10.592055502688709,21.4455899866,2.0246863303497804,2.0246863303497804
China,11,2021,Corn,Food,11.839358277471726,33.624206369633335,2.8400362233833607,2.8400362233833607
China,11,2021,Dairy,Food,45.99526506339287,35.09286289856667,0.7629668586581686,0.7629668586581687
China,11,2021,FiberCrop,Food,1.0999512532481026,6.391829948966666,5.811012015388775,5.811012015388775
China,11,2021,Fruits,Food,158.5815856386374,74.70983842393335,0.4711129487264426,0.4711129487264426
China,11,2021,Legumes,Food,2.79678150130142,8.9252053828,3.1912415677259216,3.191241567725921
China,11,2021,MiscCrop,Food,0.7998271385415574,2.3436696971,2.9302202740626657,2.9302202740626657
China,11,2021,NutsSeeds,Food,14.9851632984398,59.93692521283333,3.9997512218684825,3.999751221868482
China,11,2021,OilCrop,Food,5.057630611457852,29.343024543633334,5.801733419826654,5.801733419826654
China,11,2021,OilPalm,Food,11.21316799685063,26.692058146466664,2.3804207833115036,2.3804207833115036
China,11,2021,OtherGrain,Food,11.43949437944532,40.566248446100005,3.5461574699481595,3.5461574699481595
China,11,2021,OtherMeat_Fish,Food,89.80559883127556,57.17879382722536,0.6366952013164725,0.6366952013164725
China,11,2021,Pork,Food,51.7015906031534,130.1004688567,2.516372655830145,2.516372655830145
China,11,2021,Poultry,Food,56.36532611257945,83.20373349413333,1.4761510175235935,1.4761510175235935
China,11,2021,Rice,Food,173.18814770373834,453.4908134593666,2.61848642341925,2.61848642341925
China,11,2021,RootTuber,Food,97.84324161030521,73.58948993136667,0.7521162291869115,0.7521162291869115
China,11,2021,SheepGoat,Food,5.426080100025513,9.634839150333333,1.7756536897212467,1.7756536897212465
China,11,2021,Soybean,Food,13.821861349174828,67.53533800843334,4.886124690613051,4.886124690613051
China,11,2021,SugarCrop,Food,86.8031087885704,39.7899880202,0.4583935826206176,0.4583935826206176
China,11,2021,Vegetables,Food,536.2165703308718,140.72159482499995,0.26243425252257285,0.26243425252257285
China,11,2021,Wheat,Food,95.10077416964928,324.9775145031666,3.417191051709449,3.4171910517094486
Colombia,32,2021,Beef,Food,0.8193284698448333,1.4988179348333333,1.8293248556554902,1.82932485565549
Colombia,32,2021,Corn,Food,2.0148227481501126,6.612421443966666,3.281887426592631,3.281887426592631
Colombia,32,2021,Dairy,Food,5.605790094944377,4.251908192433334,0.7584850878144633,0.7584850878144633
Colombia,32,2021,FiberCrop,Food,1.4748424362569778e-6,8.870133333333335e-6,6.014292181505819,6.014292181505819
Colombia,32,2021,Fruits,Food,7.412358340459113,4.3604409183,0.5882663408890078,0.5882663408890078
Colombia,32,2021,Legumes,Food,0.32149538367892405,1.0337965182333335,3.21558744142274,3.21558744142274
Colombia,32,2021,MiscCrop,Food,0.1372983159092677,0.42640234836666663,3.1056633545924237,3.1056633545924237
Colombia,32,2021,NutsSeeds,Food,0.05223012172921822,0.19238930629999998,3.683493354609106,3.683493354609106
Colombia,32,2021,OilCrop,Food,0.17866335664886204,0.4694900399333333,2.627791443860817,2.627791443860817
Colombia,32,2021,OilPalm,Food,1.6451186800833206,4.355217313333333,2.6473575226273365,2.6473575226273365
Colombia,32,2021,OtherGrain,Food,0.3425905282131463,1.4298602776666667,4.173671365418089,4.173671365418089
Colombia,32,2021,OtherMeat_Fish,Food,0.63783802,0.7536533471666665,1.1815748254810312,1.1815748254810312
Colombia,32,2021,Pork,Food,0.7136703061825352,1.4124137771999998,1.9790844104963323,1.9790844104963323
Colombia,32,2021,Poultry,Food,2.5460617370375944,3.4187389591666664,1.3427557193269215,1.3427557193269215
Colombia,32,2021,Rice,Food,2.1689736080262905,5.240604276066667,2.4161678393290735,2.4161678393290735
Colombia,32,2021,RootTuber,Food,4.18607501000905,3.186773037633333,0.7612794873511938,0.7612794873511938
Colombia,32,2021,SheepGoat,Food,0.0016607600302112056,0.0018237882666666666,1.0981648362736236,1.0981648362736236
Colombia,32,2021,Soybean,Food,0.3837226800772592,3.2220879313333333,8.39691813547376,8.39691813547376
Colombia,32,2021,SugarCrop,Food,18.458671356385725,10.226250983566663,0.5540079665608717,0.5540079665608717
Colombia,32,2021,Vegetables,Food,2.647003714479612,0.7405486498666666,0.27976864777927024,0.27976864777927024
Colombia,32,2021,Wheat,Food,1.339983666333883,4.442775805000001,3.315544746269315,3.3155447462693153
EU-12,12,2021,Beef,Food,0.3808468790514864,0.7080460445,1.859135740493438,1.8591357404934379
EU-12,12,2021,Corn,Food,0.8228788374850675,2.5988743152000002,3.1582709346892894,3.1582709346892894
EU-12,12,2021,Dairy,Food,13.769506441056937,15.754845749679827,1.1441837670160164,1.1441837670160164
EU-12,12,2021,FiberCrop,Food,1.5838424616732973e-5,1.5315756604380784e-4,9.67,9.67
EU-12,12,2021,Fruits,Food,8.244462419832082,4.010128071677178,0.48640261395707274,0.4864026139570727
EU-12,12,2021,Legumes,Food,0.3930366269909182,1.2617645847333336,3.210297712946964,3.210297712946964
EU-12,12,2021,MiscCrop,Food,0.6542478412158326,1.717403662,2.625004705874816,2.625004705874816
EU-12,12,2021,NutsSeeds,Food,0.3350671348586495,1.2143483672333333,3.624194201396729,3.624194201396729
EU-12,12,2021,OilCrop,Food,1.519131315208555,9.979198438100001,6.569016343876763,6.569016343876763
EU-12,12,2021,OilPalm,Food,0.08415476224749914,0.194538949,2.3116808105031654,2.3116808105031654
EU-12,12,2021,OtherGrain,Food,3.5364204312874707,8.320852659666667,2.3529025525501144,2.3529025525501144
EU-12,12,2021,OtherMeat_Fish,Food,1.5739393301555675,2.4902456016000003,1.5821738194660053,1.5821738194660053
EU-12,12,2021,Pork,Food,4.19867207634673,12.6855843917,3.021332497759088,3.021332497759088
EU-12,12,2021,Poultry,Food,3.6396852877671773,5.179438858933333,1.423045799135766,1.423045799135766
EU-12,12,2021,Rice,Food,0.4603883137247716,1.1641412610666668,2.5286073220412177,2.5286073220412177
EU-12,12,2021,RootTuber,Food,7.077742750622787,4.496634025,0.6353203533152333,0.6353203533152333
EU-12,12,2021,SheepGoat,Food,0.08308043043018015,0.1693466474666667,2.038345812483286,2.038345812483286
EU-12,12,2021,Soybean,Food,0.15828347541248067,1.2717789712333334,8.034818340443474,8.034818340443474
EU-12,12,2021,SugarCrop,Food,19.43290504893981,12.697790320799998,0.6534169898335784,0.6534169898335784
EU-12,12,2021,Vegetables,Food,10.720475121137119,2.9580907096666667,0.27592906809086487,0.27592906809086487
EU-12,12,2021,Wheat,Food,8.943739143305562,28.701487762333336,3.209115035942943,3.209115035942943
EU-15,13,2021,Beef,Food,6.051114590857802,11.231972083993261,1.8561823471270644,1.8561823471270644
EU-15,13,2021,Corn,Food,2.521283697445655,9.349085873,3.7080658088860368,3.7080658088860368
EU-15,13,2021,Dairy,Food,69.51295911583732,75.91851693637405,1.0921491172583002,1.0921491172583002
EU-15,13,2021,FiberCrop,Food,0.025676427427781402,0.23814343596666665,9.274788583282424,9.274788583282424
EU-15,13,2021,Fruits,Food,46.57030685967921,20.757489507461155,0.44572370051168997,0.44572370051168997
EU-15,13,2021,Legumes,Food,1.315932163728639,4.256995901533334,3.234966071101502,3.2349660711015025
EU-15,13,2021,MiscCrop,Food,3.855503154339706,11.203049860366667,2.9057296575562788,2.9057296575562788
EU-15,13,2021,NutsSeeds,Food,3.2737770814794427,11.170951906600001,3.412251851171177,3.412251851171177
EU-15,13,2021,OilCrop,Food,8.73510017811478,45.119500582,5.165310032166997,5.165310032166997
EU-15,13,2021,OilPalm,Food,1.0858584198166323,2.503640420933334,2.3056785076604376,2.3056785076604376
EU-15,13,2021,OtherGrain,Food,8.469093475924774,21.30231940853619,2.515301014104122,2.515301014104122
EU-15,13,2021,OtherMeat_Fish,Food,13.109578952217843,13.446986322463879,1.0257374681121207,1.0257374681121207
EU-15,13,2021,Pork,Food,13.716147966018083,34.00422192196667,2.479137875022384,2.4791378750223845
EU-15,13,2021,Poultry,Food,15.581164480302144,21.552776342333335,1.3832583803078748,1.3832583803078748
EU-15,13,2021,Rice,Food,3.6433895320165575,8.9624367469,2.45991724687737,2.45991724687737
EU-15,13,2021,RootTuber,Food,25.53648735069291,16.246431545233335,0.6362046323020423,0.6362046323020423
EU-15,13,2021,SheepGoat,Food,0.8325161090649497,1.7607623840333333,2.1149889652116816,2.1149889652116816
EU-15,13,2021,Soybean,Food,1.8324153023785863,14.36960501323333,7.8418931530317995,7.8418931530317995
EU-15,13,2021,SugarCrop,Food,69.7728060025013,49.68349408403333,0.712075333221545,0.712075333221545
EU-15,13,2021,Vegetables,Food,42.596093655805944,12.046652678300001,0.28281120742296084,0.28281120742296084
EU-15,13,2021,Wheat,Food,33.20608992258167,105.9277482322,3.190009678320008,3.190009678320008
Europe_Eastern,14,2021,Beef,Food,0.4734995959964435,1.1091182778333333,2.342384845121735,2.342384845121735
Europe_Eastern,14,2021,Corn,Food,0.8738220204049778,3.0122327535000006,3.447192543973616,3.447192543973616
Europe_Eastern,14,2021,Dairy,Food,7.7479153456792105,6.458810753400001,0.8336191691874761,0.8336191691874761
Europe_Eastern,14,2021,FiberCrop,Food,0,0,6.795916408029903,NA
Europe_Eastern,14,2021,Fruits,Food,3.6322543774296467,1.7583865609333333,0.4841033634262284,0.48410336342622845
Europe_Eastern,14,2021,Legumes,Food,0.11318638374392848,0.3674297186666667,3.2462360445929193,3.2462360445929193
Europe_Eastern,14,2021,MiscCrop,Food,0.1850702863772224,0.713557983,3.8556053322659225,3.8556053322659225
Europe_Eastern,14,2021,NutsSeeds,Food,0.12000206411752792,0.43761425240000007,3.6467227094644667,3.6467227094644667
Europe_Eastern,14,2021,OilCrop,Food,0.48604411092813754,3.485348827166667,7.170848795001616,7.170848795001616
Europe_Eastern,14,2021,OilPalm,Food,0.0011018382696127112,0.0025736466666666665,2.335775347112681,2.335775347112681
Europe_Eastern,14,2021,OtherGrain,Food,1.0033401122987966,3.3713769766666664,3.3601536860141636,3.3601536860141636
Europe_Eastern,14,2021,OtherMeat_Fish,Food,1.0613166907264255,1.237130245833333,1.1656560729169074,1.1656560729169074
Europe_Eastern,14,2021,Pork,Food,0.8982420938818677,2.388423698000001,2.6589977404400225,2.6589977404400225
Europe_Eastern,14,2021,Poultry,Food,2.320456990497118,3.1177840114333333,1.3436077566623639,1.3436077566623639
Europe_Eastern,14,2021,Rice,Food,0.18557428269773918,0.48305679816666663,2.6030373990638718,2.6030373990638718
Europe_Eastern,14,2021,RootTuber,Food,7.253321651477764,4.634968286266667,0.6390132009825259,0.6390132009825259
Europe_Eastern,14,2021,SheepGoat,Food,0.013166913586339004,0.023076666200000002,1.7526253247338548,1.7526253247338548
Europe_Eastern,14,2021,Soybean,Food,0.04294421087016884,0.34153453999999994,7.9529820918713545,7.952982091871354
Europe_Eastern,14,2021,SugarCrop,Food,9.199390314234817,6.600629748699999,0.7175073046402232,0.7175073046402232
Europe_Eastern,14,2021,Vegetables,Food,8.995967478936697,2.413848197933334,0.26832558072104606,0.26832558072104606
Europe_Eastern,14,2021,Wheat,Food,4.407285546099978,13.503879484133334,3.0639901460623453,3.0639901460623453
Europe_Non_EU,15,2021,Beef,Food,1.6975628080254956,3.4367970305,2.0245477894850197,2.0245477894850197
Europe_Non_EU,15,2021,Corn,Food,1.506319549480712,5.196155231266666,3.449570333902914,3.449570333902914
Europe_Non_EU,15,2021,Dairy,Food,19.909694877737074,17.154344314066666,0.8616075946622653,0.8616075946622653
Europe_Non_EU,15,2021,FiberCrop,Food,0.17899817739464158,1.1730699610333333,6.553530198506087,6.553530198506087
Europe_Non_EU,15,2021,Fruits,Food,15.00117778462526,7.539181316733334,0.5025726262947339,0.5025726262947339
Europe_Non_EU,15,2021,Legumes,Food,1.1229266920812204,3.6915621129666665,3.2874471138670365,3.2874471138670365
Europe_Non_EU,15,2021,MiscCrop,Food,1.030283590957489,3.0689066791666666,2.978700918952415,2.978700918952415
Europe_Non_EU,15,2021,NutsSeeds,Food,1.159175357150068,3.9752117556666673,3.429344603598256,3.429344603598256
Europe_Non_EU,15,2021,OilCrop,Food,2.0453891765575496,9.159185013966665,4.477966892042445,4.477966892042445
Europe_Non_EU,15,2021,OilPalm,Food,2.0222504119388676,4.684895260333333,2.3166741530499224,2.3166741530499224
Europe_Non_EU,15,2021,OtherGrain,Food,0.6985191118705447,1.8288356622,2.6181612372818437,2.6181612372818437
Europe_Non_EU,15,2021,OtherMeat_Fish,Food,1.1300611953286417,1.5520674304,1.3734366216766087,1.3734366216766087
Europe_Non_EU,15,2021,Pork,Food,0.5662658643133502,1.285959965566667,2.2709473528410764,2.2709473528410764
Europe_Non_EU,15,2021,Poultry,Food,3.1258514902349677,4.267192925833334,1.3651297699727163,1.3651297699727163
Europe_Non_EU,15,2021,Rice,Food,1.1627693311907543,2.8902311099666664,2.485644428725063,2.485644428725063
Europe_Non_EU,15,2021,RootTuber,Food,5.093903067852777,3.2477645293666666,0.637578785089778,0.637578785089778
Europe_Non_EU,15,2021,SheepGoat,Food,0.6052946081036,1.1561396579333332,1.910044534438431,1.910044534438431
Europe_Non_EU,15,2021,Soybean,Food,0.018560077871668256,0.12435212943333332,6.6999788628664865,6.6999788628664865
Europe_Non_EU,15,2021,SugarCrop,Food,15.460584983138444,10.192190334533334,0.65923704346563194,0.65923704346563194
Europe_Non_EU,15,2021,Vegetables,Food,25.095610450569335,6.1674159777,0.24575676251621453,0.24575676251621456
Europe_Non_EU,15,2021,Wheat,Food,14.15154101384726,45.093359592599995,3.1864628416422085,3.1864628416422085
European Free Trade Association,16,2021,Beef,Food,0.23862832913346918,0.4104474012,1.7200279727493264,1.7200279727493264
European Free Trade Association,16,2021,Corn,Food,0.006270410012883459,0.0193626922,3.0879467467385013,3.0879467467385013
European Free Trade Association,16,2021,Dairy,Food,2.2811306386438335,2.8525526789666666,1.2504994806709326,1.2504994806709326
European Free Trade Association,16,2021,FiberCrop,Food,3.496824473415009e-6,2.3558000000000004e-5,6.736969550259751,6.736969550259751
European Free Trade Association,16,2021,Fruits,Food,1.4849437101193097,0.6876359605333332,0.4630720719225675,0.4630720719225675
European Free Trade Association,16,2021,Legumes,Food,0.11854839720984202,0.3942609504,3.3257383455140292,3.3257383455140292
European Free Trade Association,16,2021,MiscCrop,Food,0.1872616646855011,0.6168608728666667,3.2941118722973077,3.294111872297308
European Free Trade Association,16,2021,NutsSeeds,Food,0.11819477683263936,0.43822528139999994,3.707653528721622,3.707653528721622
European Free Trade Association,16,2021,OilCrop,Food,0.22481875470876705,1.2776336827666666,5.682949736207412,5.682949736207412
European Free Trade Association,16,2021,OilPalm,Food,0.007758889467045748,0.017831160000000002,2.2981587862198714,2.2981587862198714
European Free Trade Association,16,2021,OtherGrain,Food,0.2439992572177529,0.5880039409000001,2.409859552872516,2.409859552872516
European Free Trade Association,16,2021,OtherMeat_Fish,Food,0.5601419670183453,0.6143089578,1.096702254019615,1.096702254019615
European Free Trade Association,16,2021,Pork,Food,0.3988999966456462,1.0410715255999998,2.609855939720181,2.609855939720181
European Free Trade Association,16,2021,Poultry,Food,0.4506887062344246,0.6037104315333335,1.3395286440111394,1.3395286440111394
European Free Trade Association,16,2021,Rice,Food,0.06961715298422101,0.17700689693333335,2.5425759219635515,2.5425759219635515
European Free Trade Association,16,2021,RootTuber,Food,0.5835786894515258,0.37591373543333334,0.6441526091136646,0.6441526091136646
European Free Trade Association,16,2021,SheepGoat,Food,0.04322874352246097,0.09438046113333332,2.183280230763467,2.183280230763467
European Free Trade Association,16,2021,Soybean,Food,0.01785192487229393,0.10773349073333334,6.034838904152852,6.034838904152852
European Free Trade Association,16,2021,SugarCrop,Food,3.201170626317663,1.8041404976666666,0.5635877334479938,0.5635877334479938
European Free Trade Association,16,2021,Vegetables,Food,1.4005851401963925,0.3629362148666666,0.25913184743326284,0.25913184743326284
European Free Trade Association,16,2021,Wheat,Food,1.2541002387937656,4.339409813533334,3.4601778066058895,3.460177806605889
India,17,2021,Beef,Food,5.962973072543324,5.3077243032000005,0.8901137467213402,0.8901137467213402
India,17,2021,Corn,Food,6.881032706744874,19.7211222661,2.8660119936312913,2.8660119936312918
India,17,2021,Dairy,Food,174.57353327786393,147.50776731906666,0.8449606566894798,0.8449606566894797
India,17,2021,FiberCrop,Food,1.460309560406522,9.70609869,6.646603537470514,6.646603537470513
India,17,2021,Fruits,Food,90.39564215042645,44.25991768843333,0.4896244623693348,0.4896244623693348
India,17,2021,Legumes,Food,21.337729915238253,69.86950307273332,3.2744581241904416,3.2744581241904416
India,17,2021,MiscCrop,Food,4.011171420224649,11.239881813233335,2.802144469957316,2.8021444699573164
India,17,2021,NutsSeeds,Food,9.273814289329573,33.89822096123333,3.655261999395064,3.6552619993950635
India,17,2021,OilCrop,Food,15.601128694464547,56.959384525833336,3.650978441453608,3.650978441453608
India,17,2021,OilPalm,Food,6.408703113094719,14.886502955,2.3228573226590625,2.3228573226590625
India,17,2021,OtherGrain,Food,14.542997068763755,49.789654180566664,3.423617150243921,3.423617150243921
India,17,2021,OtherMeat_Fish,Food,13.062799211845123,9.335170394000002,0.7146378232266657,0.7146378232266657
India,17,2021,Pork,Food,0.3209770573915708,0.9318386979999999,2.903131786342032,2.903131786342032
India,17,2021,Poultry,Food,10.914772461842768,14.410318696433336,1.3202582781098495,1.3202582781098495
India,17,2021,Rice,Food,128.93859149870786,337.2428963484333,2.615531102275248,2.615531102275248
India,17,2021,RootTuber,Food,42.635895056869835,29.211389694066668,0.6851360726707647,0.6851360726707647
India,17,2021,SheepGoat,Food,0.8279866937683462,1.2871191737999998,1.5545167373910838,1.5545167373910838
India,17,2021,Soybean,Food,3.217428335063787,26.7279241235,8.307232155637154,8.307232155637154
India,17,2021,SugarCrop,Food,193.22031482707484,107.56391655726667,0.5566905149364468,0.5566905149364468
India,17,2021,Vegetables,Food,136.10445982473388,43.337856379933335,0.3184161373972675,0.3184161373972675
India,17,2021,Wheat,Food,79.55277911461066,279.17540681480006,3.5093105473109323,3.5093105473109327
Indonesia,18,2021,Beef,Food,0.9067111806124409,1.3843362215666668,1.5267664623167132,1.5267664623167132
Indonesia,18,2021,Corn,Food,0.20908003534400563,0.6470137808666666,3.0945746675531,3.0945746675531
Indonesia,18,2021,Dairy,Food,4.081958431429069,2.4349803145666664,0.5965225652026531,0.5965225652026531
Indonesia,18,2021,FiberCrop,Food,0,0,6.795916408029903,NA
Indonesia,18,2021,Fruits,Food,21.601975319708288,11.350588267200001,0.5254421458784112,0.5254421458784112
Indonesia,18,2021,Legumes,Food,0.2561451488851647,0.8109015148666666,3.165789078559559,3.165789078559559
Indonesia,18,2021,MiscCrop,Food,1.042073057347403,3.6364288513000003,3.489610277955492,3.489610277955492
Indonesia,18,2021,NutsSeeds,Food,1.091722490435768,4.320347525233334,3.957367887061518,3.957367887061518
Indonesia,18,2021,OilCrop,Food,3.9837855218644225,3.868323286533333,0.9710169549295784,0.9710169549295784
Indonesia,18,2021,OilPalm,Food,15.112017547709197,35.224411198400006,2.3308873939032457,2.3308873939032457
Indonesia,18,2021,OtherGrain,Food,0.07327655104952169,0.3172874660444289,4.33,4.33
Indonesia,18,2021,OtherMeat_Fish,Food,11.49966826528139,8.680947081200001,0.754886739420877,0.754886739420877
Indonesia,18,2021,Pork,Food,0.2659683896766386,0.6251767594000001,2.3505679007948386,2.3505679007948386
Indonesia,18,2021,Poultry,Food,8.925911068800296,11.672048176299999,1.307659026213982,1.307659026213982
Indonesia,18,2021,Rice,Food,45.070603134082816,112.57498572176668,2.4977474871339456,2.4977474871339456
Indonesia,18,2021,RootTuber,Food,17.30879606644807,19.625284429999997,1.1338330149976337,1.1338330149976337
Indonesia,18,2021,SheepGoat,Food,0.11669885537146349,0.18968334966666667,1.6254088273864096,1.6254088273864096
Indonesia,18,2021,Soybean,Food,2.739419772134492,11.283650961033333,4.118993034879563,4.118993034879563
Indonesia,18,2021,SugarCrop,Food,48.61656346554848,27.936675953833333,0.5746328815205194,0.5746328815205194
Indonesia,18,2021,Vegetables,Food,13.796490381734039,4.656949181033333,0.3375459303185493,0.3375459303185493
Indonesia,18,2021,Wheat,Food,6.630038642632433,23.253392155433335,3.507278525634755,3.507278525634755
Japan,19,2021,Beef,Food,1.1232155422007886,1.6653829514666665,1.4826922250413082,1.4826922250413082
Japan,19,2021,Corn,Food,1.2459756978033891,4.1712612656333325,3.3477870178263656,3.347787017826365
Japan,19,2021,Dairy,Food,7.291058787150343,6.323272412866666,0.8672639458086268,0.8672639458086268
Japan,19,2021,FiberCrop,Food,0,0,6.795916408029903,NA
Japan,19,2021,Fruits,Food,4.928599274294664,2.4722560782666667,0.5016143412512419,0.5016143412512419
Japan,19,2021,Legumes,Food,0.16226442381379816,0.5170188012333333,3.1862733005888173,3.1862733005888173
Japan,19,2021,MiscCrop,Food,0.7329564844613292,1.7827265329,2.432240618227393,2.432240618227393
Japan,19,2021,NutsSeeds,Food,0.3497061436059206,1.2879221578333333,3.6828696932607405,3.6828696932607405
Japan,19,2021,OilCrop,Food,1.1440920877076797,8.747917596899999,7.646165628526861,7.646165628526861
Japan,19,2021,OilPalm,Food,0.40497312201388924,0.9350362738666668,2.3088847704677993,2.3088847704677993
Japan,19,2021,OtherGrain,Food,0.8151995979121437,1.5427467229000003,1.8924772863617951,1.8924772863617951
Japan,19,2021,OtherMeat_Fish,Food,6.111935894009156,4.324675656766668,0.7075787003927284,0.7075787003927284
Japan,19,2021,Pork,Food,2.3298338015297904,5.0715981800000005,2.176806850630265,2.176806850630265
Japan,19,2021,Poultry,Food,5.712148061329949,7.722834090666667,1.3520017352051223,1.3520017352051223
Japan,19,2021,Rice,Food,8.770951536702777,24.860407849999998,2.83440260112823,2.83440260112823
Japan,19,2021,RootTuber,Food,3.5484979396886605,2.5625481518999997,0.7221501027910513,0.7221501027910513
Japan,19,2021,SheepGoat,Food,0.01748917074831148,0.03835571526666666,2.1931122875205373,2.1931122875205373
Japan,19,2021,Soybean,Food,2.0179316324148844,8.898777519366666,4.409850847482571,4.409850847482571
Japan,19,2021,SugarCrop,Food,13.067615724435033,8.4918291228,0.6498376828545085,0.6498376828545085
Japan,19,2021,Vegetables,Food,11.909236186647,3.326287441333333,0.2793031718577274,0.2793031718577274
Japan,19,2021,Wheat,Food,4.774312445615771,16.09054896276667,3.3702337553426243,3.3702337553426243
Mexico,20,2021,Beef,Food,1.932014080997923,3.7134448909,1.9220589163521693,1.9220589163521693
Mexico,20,2021,Corn,Food,14.877924004430993,47.54324693666666,3.195556511950671,3.195556511950671
Mexico,20,2021,Dairy,Food,12.88240523923866,9.387519593699999,0.7287086083200092,0.7287086083200092
Mexico,20,2021,FiberCrop,Food,0.003530944019410245,0.020091030000000003,5.689988255139684,5.689988255139684
Mexico,20,2021,Fruits,Food,15.755160502327591,7.274195365633334,0.46170239678349706,0.46170239678349706
Mexico,20,2021,Legumes,Food,1.2253139858904663,3.8776320261,3.1646027636598206,3.1646027636598206
Mexico,20,2021,MiscCrop,Food,0.24914429160917537,0.6767307278333332,2.7162200805904835,2.7162200805904835
Mexico,20,2021,NutsSeeds,Food,0.3809496727232366,1.3928351241666668,3.6562181933637574,3.6562181933637574
Mexico,20,2021,OilCrop,Food,0.3130317300708653,1.889163620966667,6.035054722851868,6.035054722851868
Mexico,20,2021,OilPalm,Food,1.6482272133258382,3.918216250466666,2.3772306504759024,2.3772306504759024
Mexico,20,2021,OtherGrain,Food,1.2884604895765663,5.0298057155333344,3.9037329869434383,3.9037329869434387
Mexico,20,2021,OtherMeat_Fish,Food,2.56397566610733,2.320134199466666,0.9048971213479309,0.9048971213479308
Mexico,20,2021,Pork,Food,2.6806339285295144,7.280067808599998,2.7158008152920545,2.7158008152920545
Mexico,20,2021,Poultry,Food,7.533340995268873,10.049568467333334,1.3340121565776346,1.3340121565776346
Mexico,20,2021,Rice,Food,1.0226928546626854,2.7920923150333326,2.730137697064724,2.730137697064724
Mexico,20,2021,RootTuber,Food,2.47152941715553,1.6247931415333337,0.6574039257858801,0.6574039257858801
Mexico,20,2021,SheepGoat,Food,0.10797160321452286,0.19792377786666668,1.833109558199509,1.833109558199509
Mexico,20,2021,Soybean,Food,0.6000935384015793,5.436847457918309,9.06,9.06
Mexico,20,2021,SugarCrop,Food,25.759308063818764,16.316293024800004,0.6334134823954253,0.6334134823954253
Mexico,20,2021,Vegetables,Food,7.519242536293941,2.3546498854999998,0.3131498783467293,0.3131498783467293
Mexico,20,2021,Wheat,Food,3.356549928639548,11.008189350233332,3.2796143612542923,3.2796143612542923
Middle East,21,2021,Beef,Food,1.5575207128700914,2.756457717633334,1.7697727515635566,1.7697727515635566
Middle East,21,2021,Corn,Food,2.227349612147481,8.278898270933333,3.7169280591524654,3.7169280591524654
Middle East,21,2021,Dairy,Food,13.754280330490698,13.505551713078784,0.981916275411333,0.981916275411333
Middle East,21,2021,FiberCrop,Food,0.038334438194988926,0.2498200344,6.516856543697997,6.516856543697997
Middle East,21,2021,Fruits,Food,25.490212128924437,16.828052590133332,0.6601770320709918,0.6601770320709918
Middle East,21,2021,Legumes,Food,1.7397678305890387,5.718746768533333,3.287074670530676,3.287074670530676
Middle East,21,2021,MiscCrop,Food,1.3279454671820683,3.863171740133333,2.909134324868833,2.909134324868833
Middle East,21,2021,NutsSeeds,Food,1.6338811570337473,5.1097563425,3.1273733224126166,3.127373322412616
Middle East,21,2021,OilCrop,Food,3.297776048074491,18.039176447566668,5.470103543901776,5.470103543901776
Middle East,21,2021,OilPalm,Food,3.565774576436727,8.2388193796,2.3105272649717077,2.3105272649717077
Middle East,21,2021,OtherGrain,Food,0.8247002141631905,2.8664372970999996,3.4757324514684718,3.4757324514684713
Middle East,21,2021,OtherMeat_Fish,Food,3.5014106992420904,4.366372054363055,1.247032247690393,1.247032247690393
Middle East,21,2021,Pork,Food,0.05939894577038217,0.1570197163,2.643476483690289,2.643476483690289
Middle East,21,2021,Poultry,Food,8.99253947938306,12.152537683333332,1.3514022052608288,1.3514022052608288
Middle East,21,2021,Rice,Food,9.525124560166864,24.790326335433335,2.602624897852155,2.602624897852155
Middle East,21,2021,RootTuber,Food,6.653007700281147,4.184664457766666,0.6289883683119483,0.6289883683119483
Middle East,21,2021,SheepGoat,Food,1.372256341520212,2.4117853341333335,1.7575326570992642,1.7575326570992642
Middle East,21,2021,Soybean,Food,0.8087609972781297,6.858280018233334,8.479983630905483,8.479983630905483
Middle East,21,2021,SugarCrop,Food,43.31617903830123,25.18371055446666,0.5813927062264335,0.5813927062264335
Middle East,21,2021,Vegetables,Food,26.99840332332131,7.066657282933334,0.2617435260265607,0.2617435260265607
Middle East,21,2021,Wheat,Food,29.89071618187072,98.15582729253333,3.283823201000004,3.283823201000004
Pakistan,22,2021,Beef,Food,2.557158309614328,3.506979459133334,1.3714361938202637,1.3714361938202637
Pakistan,22,2021,Corn,Food,2.0684820440108855,7.449263862433335,3.6013190851726495,3.6013190851726495
Pakistan,22,2021,Dairy,Food,45.27281838403523,37.26085634776667,0.8230293071594177,0.8230293071594178
Pakistan,22,2021,FiberCrop,Food,0.06004275098730413,0.42620346000000014,7.098333320705436,7.098333320705436
Pakistan,22,2021,Fruits,Food,6.85127003615183,3.9952699786333334,0.5831429731351483,0.5831429731351483
Pakistan,22,2021,Legumes,Food,1.4047124704521645,4.584339940766667,3.263543278213376,3.263543278213376
Pakistan,22,2021,MiscCrop,Food,0.22136163809774026,0.6143468813,2.7753087056066175,2.7753087056066175
Pakistan,22,2021,NutsSeeds,Food,0.1194968825720763,0.48778390073333344,4.081980133993198,4.081980133993198
Pakistan,22,2021,OilCrop,Food,0.07170832213589638,0.3075341957333334,4.2886820744531855,4.2886820744531855
Pakistan,22,2021,OilPalm,Food,4.163852005566027,9.6055607334666675,2.3068929252592163,2.3068929252592163
Pakistan,22,2021,OtherGrain,Food,0.1852701295387142,0.6730753329333333,3.632940369875906,3.632940369875906
Pakistan,22,2021,OtherMeat_Fish,Food,1.0072223872918369,2.2643879919,2.2481509748689756,2.2481509748689756
Pakistan,22,2021,Pork,Food,2.538676276677231e-5,7.376270000000002e-5,2.905557541056199,2.905557541056199
Pakistan,22,2021,Poultry,Food,2.6684494438184805,3.4798139495999996,1.30405841402057,1.30405841402057
Pakistan,22,2021,Rice,Food,4.272320279008876,11.2731803906,2.6386552632742304,2.6386552632742304
Pakistan,22,2021,RootTuber,Food,4.792452760542371,3.1576920205666665,0.6588885020557416,0.6588885020557416
Pakistan,22,2021,SheepGoat,Food,0.591133345655486,0.8955232644666665,1.5149259825186374,1.5149259825186374
Pakistan,22,2021,Soybean,Food,0.24483878917879792,2.1480897842333335,8.773486388485006,8.773486388485006
Pakistan,22,2021,SugarCrop,Food,46.56495402712513,25.473593908266665,0.5470550640601454,0.5470550640601454
Pakistan,22,2021,Vegetables,Food,7.878584689029918,2.7980094609666666,0.35514112894700417,0.35514112894700417
Pakistan,22,2021,Wheat,Food,21.075804778051612,75.90474903216668,3.601511298454142,3.601511298454142
Russia,23,2021,Beef,Food,1.8910115279737292,3.6998664906000003,1.9565541700131828,1.9565541700131828
Russia,23,2021,Corn,Food,0.117156905345756,0.4171359722333334,3.5604898490812182,3.5604898490812187
Russia,23,2021,Dairy,Food,21.555861382738325,19.34244725603333,0.8973172963304789,0.8973172963304789
Russia,23,2021,FiberCrop,Food,5.913806780789325e-7,3.2002333333333337e-6,5.411460759470727,5.411460759470727
Russia,23,2021,Fruits,Food,10.099200042635664,5.041768135533332,0.49922450434178595,0.4992245043417859
Russia,23,2021,Legumes,Food,0.45688040479031505,1.5019189480666664,3.287335005658584,3.287335005658584
Russia,23,2021,MiscCrop,Food,0.4539275159839914,1.1870000070333335,2.6149549547800386,2.6149549547800386
Russia,23,2021,NutsSeeds,Food,0.2661534487905426,0.9849119734,3.700541841090723,3.700541841090723
Russia,23,2021,OilCrop,Food,2.4690632802505617,16.904417451666664,6.846490159600607,6.846490159600606
Russia,23,2021,OilPalm,Food,0,0,2.350175044795836,NA
Russia,23,2021,OtherGrain,Food,3.3521382020376564,8.7564973934,2.612212523957756,2.612212523957756
Russia,23,2021,OtherMeat_Fish,Food,4.617455446289234,3.9450748959333337,0.8543828829152534,0.8543828829152534
Russia,23,2021,Pork,Food,3.822210559070943,9.5895208583,2.5088939267204853,2.5088939267204853
Russia,23,2021,Poultry,Food,7.118685226345009,9.517269617066667,1.3369420496140099,1.3369420496140099
Russia,23,2021,Rice,Food,1.035121236410506,2.609644475333334,2.5211003151503375,2.5211003151503375
Russia,23,2021,RootTuber,Food,12.60956052432234,8.054660935466668,0.638774120630944,0.638774120630944
Russia,23,2021,SheepGoat,Food,0.21390602,0.45679049833333346,2.1354728508030463,2.1354728508030463
Russia,23,2021,Soybean,Food,0.26463404602762164,2.107943386733333,7.965503374850387,7.965503374850388
Russia,23,2021,SugarCrop,Food,26.13944170299126,18.31636677673334,0.7007175969882061,0.7007175969882062
Russia,23,2021,Vegetables,Food,14.215930290383062,3.7398073850333335,0.2630715900149902,0.2630715900149902
Russia,23,2021,Wheat,Food,16.580698565867568,55.718357117499984,3.360434839108637,3.360434839108637
South Africa,24,2021,Beef,Food,0.9899048186067408,2.0970899364,2.1184763393227914,2.1184763393227914
South Africa,24,2021,Corn,Food,3.5897955451760217,13.198832429366666,3.676764390413069,3.676764390413069
South Africa,24,2021,Dairy,Food,2.6744683357859174,2.1413567224666665,0.8006663207838687,0.8006663207838686
South Africa,24,2021,FiberCrop,Food,0.0014571476605079107,0.00891324,6.116909247819919,6.116909247819919
South Africa,24,2021,Fruits,Food,1.7249155688315054,0.7730218368666666,0.44815053608121125,0.44815053608121125
South Africa,24,2021,Legumes,Food,0.08714042821943674,0.27881311309999995,3.1995839221479807,3.1995839221479803
South Africa,24,2021,MiscCrop,Food,0.11985989030659744,0.3516345344333333,2.93371313400892,2.9337131340089195
South Africa,24,2021,NutsSeeds,Food,0.12283813585958746,0.46669047143333336,3.7992311440381434,3.7992311440381434
South Africa,24,2021,OilCrop,Food,0.4584746090050971,3.3565084459666665,7.32103453504303,7.32103453504303
South Africa,24,2021,OilPalm,Food,1.1784864885796094,2.7286119766666665,2.3153527877569235,2.3153527877569235
South Africa,24,2021,OtherGrain,Food,0.568637952981628,1.8810691337000005,3.308026001143078,3.308026001143078
South Africa,24,2021,OtherMeat_Fish,Food,0.8854051155405259,0.8886470550000001,1.0036615323342637,1.0036615323342637
South Africa,24,2021,Pork,Food,0.33365126009124707,0.7944927691,2.381207158884165,2.381207158884165
South Africa,24,2021,Poultry,Food,2.795302900609457,3.839424354333333,1.37352712419689,1.37352712419689
South Africa,24,2021,Rice,Food,1.12509915045124,2.9373851826333333,2.6107789535306694,2.6107789535306694
South Africa,24,2021,RootTuber,Food,2.299469730280218,1.500449959966667,0.652519987633766,0.652519987633766
South Africa,24,2021,SheepGoat,Food,0.20637628439135225,0.4097031642,1.985224055216917,1.985224055216917
South Africa,24,2021,Soybean,Food,0.31686068392116673,2.628484970233333,8.295396379587713,8.295396379587713
South Africa,24,2021,SugarCrop,Food,11.620543464331911,6.3403853698,0.5456186614043633,0.5456186614043633
South Africa,24,2021,Vegetables,Food,2.293552781026201,0.8043462465666668,0.3506988167966988,0.3506988167966988
South Africa,24,2021,Wheat,Food,2.776640037969006,9.853174097366667,3.5485961315222707,3.548596131522271
South America_Northern,25,2021,Beef,Food,0.48452845606675327,0.6206464995000001,1.2809288943279191,1.2809288943279193
South America_Northern,25,2021,Corn,Food,1.0189110198815896,3.5123026142333327,3.447114169637214,3.447114169637214
South America_Northern,25,2021,Dairy,Food,1.1333761421150228,1.5013879760333333,1.324704059176289,1.324704059176289
South America_Northern,25,2021,FiberCrop,Food,8.107109699645811e-4,0.004772895066666667,5.887295526388632,5.887295526388632
South America_Northern,25,2021,Fruits,Food,2.811082306918965,1.4733037709666668,0.5241055259536154,0.5241055259536154
South America_Northern,25,2021,Legumes,Food,0.3114618307333729,0.9962715862333333,3.198695595821474,3.198695595821474
South America_Northern,25,2021,MiscCrop,Food,0.09577688934602549,0.2715517125666666,2.835252997052314,2.8352529970523137
South America_Northern,25,2021,NutsSeeds,Food,0.009454229115213325,0.040090526366666664,4.2404860172210945,4.2404860172210945
South America_Northern,25,2021,OilCrop,Food,0.08606510732390257,0.28978003869999996,3.3669863166431018,3.3669863166431018
South America_Northern,25,2021,OilPalm,Food,0.43972483100778426,0.9382409964000001,2.1337002830831513,2.1337002830831513
South America_Northern,25,2021,OtherGrain,Food,0.08275797240355798,0.3514000176666667,4.246116808579026,4.246116808579026
South America_Northern,25,2021,OtherMeat_Fish,Food,0.39433092975605155,0.3365201449333333,0.8533952564702895,0.8533952564702895
South America_Northern,25,2021,Pork,Food,0.16881507456449224,0.48202118130000005,2.8553207262059646,2.8553207262059646
South America_Northern,25,2021,Poultry,Food,0.7130082531390171,0.9518453022666667,1.3349709460951822,1.3349709460951822
South America_Northern,25,2021,Rice,Food,1.2732234460564489,3.595355253366667,2.8238211167902616,2.8238211167902616
South America_Northern,25,2021,RootTuber,Food,0.8928524807523183,0.7624925687666667,0.8539961362085143,0.8539961362085143
South America_Northern,25,2021,SheepGoat,Food,0.010975424135168867,0.016839195866666663,1.5342637932969119,1.5342637932969119
South America_Northern,25,2021,Soybean,Food,0.19551510287344545,1.6837472981,8.611852861258852,8.611852861258852
South America_Northern,25,2021,SugarCrop,Food,4.927174909285359,3.2020486939999997,0.6498751826255803,0.6498751826255803
South America_Northern,25,2021,Vegetables,Food,1.6045640766856197,0.4144672523333332,0.258305204731652,0.258305204731652
South America_Northern,25,2021,Wheat,Food,0.928041208667508,2.9458848679,3.1743039429571605,3.1743039429571605
South America_Southern,26,2021,Beef,Food,1.4813292389320385,2.618917108066667,1.7679507291402485,1.7679507291402485
South America_Southern,26,2021,Corn,Food,2.2075092162352052,7.039640767333334,3.1889519262524684,3.1889519262524684
South America_Southern,26,2021,Dairy,Food,6.3913690733297575,5.459183891433334,0.8541493737568222,0.8541493737568222
South America_Southern,26,2021,FiberCrop,Food,0.011503356284070789,0.06608088000000001,5.744486945214863,5.744486945214863
South America_Southern,26,2021,Fruits,Food,10.416028557847309,5.856656529766666,0.5622734708570218,0.5622734708570218
South America_Southern,26,2021,Legumes,Food,0.5732962004933218,1.8414246813,3.211995264778404,3.211995264778404
South America_Southern,26,2021,MiscCrop,Food,0.4722058091569145,0.8801321114999999,1.8638739601094807,1.8638739601094807
South America_Southern,26,2021,NutsSeeds,Food,0.24353697873235997,0.76369061,3.1358301888078923,3.1358301888078923
South America_Southern,26,2021,OilCrop,Food,0.40089558903514694,1.6466920891333332,4.107533567771348,4.107533567771348
South America_Southern,26,2021,OilPalm,Food,1.2606117350410533,3.091377939933333,2.452283961827992,2.452283961827992
South America_Southern,26,2021,OtherGrain,Food,0.9628220675014543,3.4377764706666665,3.570521061682536,3.570521061682536
South America_Southern,26,2021,OtherMeat_Fish,Food,1.9523590779513453,2.668236551968119,1.3666730583023488,1.3666730583023488
South America_Southern,26,2021,Pork,Food,1.0752132435615052,2.7084493872666666,2.518988120249782,2.518988120249782
South America_Southern,26,2021,Poultry,Food,4.353375423000325,5.894591365199999,1.3540278042773246,1.3540278042773246
South America_Southern,26,2021,Rice,Food,3.798770107322246,10.481516752333334,2.759186909502602,2.759186909502602
South America_Southern,26,2021,RootTuber,Food,8.476702363777807,6.745472715799999,0.7957661395101465,0.7957661395101465
South America_Southern,26,2021,SheepGoat,Food,0.09060308095208137,0.1759054192,1.9414948956651237,1.941494895665124
South America_Southern,26,2021,Soybean,Food,0.4091635922601969,3.228343693666667,7.890104972032033,7.8901049720320335
South America_Southern,26,2021,SugarCrop,Food,15.741936908520671,8.471118427266667,0.5381242776218654,0.5381242776218654
South America_Southern,26,2021,Vegetables,Food,4.9444865980489245,1.6342485693666668,0.33051936474285015,0.33051936474285015
South America_Southern,26,2021,Wheat,Food,5.377361638619231,16.404666706733334,3.050690619153826,3.050690619153826
South Asia,27,2021,Beef,Food,0.6356085988528987,1.0089862755333332,1.5874333313839368,1.5874333313839368
South Asia,27,2021,Corn,Food,1.9120294319696807,4.969334202833332,2.5989841577460258,2.5989841577460258
South Asia,27,2021,Dairy,Food,14.003188612561893,10.6848103886,0.7630269565186701,0.7630269565186701
South Asia,27,2021,FiberCrop,Food,0.01772709934964921,0.10628488786666668,5.995616415878545,5.995616415878545
South Asia,27,2021,Fruits,Food,9.902846054217234,5.335492326933333,0.5387837292150125,0.5387837292150125
South Asia,27,2021,Legumes,Food,2.247001270563509,7.412488335799999,3.2988358453135525,3.2988358453135525
South Asia,27,2021,MiscCrop,Food,0.8572249055276024,2.1355643428666666,2.4912532628205377,2.4912532628205377
South Asia,27,2021,NutsSeeds,Food,0.5348173737920279,1.5945867306666668,2.981553720591633,2.981553720591633
South Asia,27,2021,OilCrop,Food,2.373299884980506,6.410744887433332,2.701194622729268,2.701194622729268
South Asia,27,2021,OilPalm,Food,3.129961202174083,7.245292197833331,2.3148185328306066,2.314818532830606
South Asia,27,2021,OtherGrain,Food,0.4239512819628144,1.4391722654333334,3.3946642613515343,3.3946642613515343
South Asia,27,2021,OtherMeat_Fish,Food,5.410019822948942,4.250935776266667,0.785752347567098,0.785752347567098
South Asia,27,2021,Pork,Food,0.04225302003787885,0.09027117389999999,2.1364431186001376,2.1364431186001376
South Asia,27,2021,Poultry,Food,1.7090206511757464,2.3407494590333333,1.3696437532355032,1.3696437532355035
South Asia,27,2021,Rice,Food,46.33578010955459,124.12337141166667,2.678780223796686,2.678780223796686
South Asia,27,2021,RootTuber,Food,13.069407714729664,8.6352467205,0.6607221160273228,0.6607221160273227
South Asia,27,2021,SheepGoat,Food,0.46666719145130936,0.6812956081333332,1.4599175185522284,1.4599175185522284
South Asia,27,2021,Soybean,Food,0.6949960635660094,5.455806867333333,7.8501262860968,7.8501262860968
South Asia,27,2021,SugarCrop,Food,18.550636794771357,10.482871241166665,0.5650949537280221,0.5650949537280221
South Asia,27,2021,Vegetables,Food,16.88625543588969,6.833952404766666,0.404705023604104,0.404705023604104
South Asia,27,2021,Wheat,Food,10.497501965322241,35.7022321471,3.40102171593202,3.4010217159320195
South Korea,28,2021,Beef,Food,0.8625311009318136,1.4985698783666666,1.7374096733992832,1.7374096733992832
South Korea,28,2021,Corn,Food,0.6860395680723529,2.257910398,3.291224738456879,3.291224738456879
South Korea,28,2021,Dairy,Food,1.1113229594833236,1.7805157615333336,1.6021587121363272,1.6021587121363272
South Korea,28,2021,FiberCrop,Food,0.03725399817308806,0.23842635,6.400020445919197,6.400020445919197
South Korea,28,2021,Fruits,Food,2.7208062399505883,1.3009269994333332,0.47814025869661303,0.47814025869661303
South Korea,28,2021,Legumes,Food,0.07169093718487064,0.23006077280000004,3.209063541835677,3.209063541835677
South Korea,28,2021,MiscCrop,Food,0.20638754945571133,0.34030547563333335,1.648866302888874,1.648866302888874
South Korea,28,2021,NutsSeeds,Food,0.2843410850076217,1.0924055918999998,3.841884446177443,3.841884446177443
South Korea,28,2021,OilCrop,Food,0.5876607382699008,3.3662496179666666,5.728219359824946,5.728219359824946
South Korea,28,2021,OilPalm,Food,0.9007623826297295,2.076083553,2.304807120096402,2.304807120096402
South Korea,28,2021,OtherGrain,Food,0.3932373875416273,1.0380874983000001,2.6398494425714043,2.6398494425714043
South Korea,28,2021,OtherMeat_Fish,Food,5.061696911343399,3.8748904809666667,0.765531905374052,0.765531905374052
South Korea,28,2021,Pork,Food,1.7268616853030394,3.3622976419999997,1.947056716016005,1.947056716016005
South Korea,28,2021,Poultry,Food,1.799596169465897,2.4645470410666666,1.3695000483347997,1.3695000483347999
South Korea,28,2021,Rice,Food,4.007758480468611,11.558740682333335,2.8840911294090303,2.8840911294090303
South Korea,28,2021,RootTuber,Food,1.0830283458724062,0.7681080438333333,0.7092224748878602,0.7092224748878602
South Korea,28,2021,SheepGoat,Food,0.02320056666666666,0.04768458099999998,2.0553196689161326,2.0553196689161326
South Korea,28,2021,Soybean,Food,1.0858902066371925,6.081906031000001,5.6008480358567505,5.6008480358567505
South Korea,28,2021,SugarCrop,Food,9.250006227854257,5.432881161266667,0.5873381084768138,0.5873381084768138
South Korea,28,2021,Vegetables,Food,10.115212956859917,3.029813681666667,0.29953038997680353,0.29953038997680353
South Korea,28,2021,Wheat,Food,2.390514914638369,7.520423585700001,3.145942968039449,3.145942968039449
Southeast Asia,29,2021,Beef,Food,1.5637770222524299,2.472432768478546,1.5810647766887562,1.5810647766887562
Southeast Asia,29,2021,Corn,Food,7.716854798415898,26.085054135252484,3.3802701769906536,3.3802701769906536
Southeast Asia,29,2021,Dairy,Food,8.413947797609397,6.928676186053724,0.8234750622082925,0.8234750622082925
Southeast Asia,29,2021,FiberCrop,Food,0.05659907329146604,0.3338860336,5.899143116365177,5.899143116365177
Southeast Asia,29,2021,Fruits,Food,32.29688181634386,16.767842635045923,0.5191783754975547,0.5191783754975547
Southeast Asia,29,2021,Legumes,Food,1.9197604235253767,6.204589075066666,3.2319600920164766,3.2319600920164766
Southeast Asia,29,2021,MiscCrop,Food,1.578469029530975,2.3082207829067376,1.4623161682130694,1.4623161682130694
Southeast Asia,29,2021,NutsSeeds,Food,2.39281888364347,8.464759400912058,3.537567953335037,3.537567953335037
Southeast Asia,29,2021,OilCrop,Food,5.863343198983994,10.387934219894326,1.7716742594386012,1.771674259438601
Southeast Asia,29,2021,OilPalm,Food,5.22253269576799,11.908547738066664,2.2802246403773783,2.2802246403773783
Southeast Asia,29,2021,OtherGrain,Food,2.150942490556801,6.929040875366666,3.221397552834148,3.221397552834148
Southeast Asia,29,2021,OtherMeat_Fish,Food,16.911762066487125,17.716323732300342,1.0475740885337763,1.0475740885337763
Southeast Asia,29,2021,Pork,Food,6.582806499589009,15.445406228381025,2.3463254205247175,2.3463254205247175
Southeast Asia,29,2021,Poultry,Food,9.9619408219640615,13.726659020298582,1.3779101146670214,1.3779101146670214
Southeast Asia,29,2021,Rice,Food,76.08790092330389,190.9316434705578,2.5093561677173306,2.5093561677173306
Southeast Asia,29,2021,RootTuber,Food,15.426352954330984,14.653499612632979,0.9499004499646805,0.9499004499646805
Southeast Asia,29,2021,SheepGoat,Food,0.17054800471218584,0.28883981844964535,1.693598344566311,1.693598344566311
Southeast Asia,29,2021,Soybean,Food,2.0662815519157425,10.932927758633333,5.291112311629035,5.291112311629035
Southeast Asia,29,2021,SugarCrop,Food,72.05973319307415,40.14797922565426,0.5571485966799692,0.5571485966799692
Southeast Asia,29,2021,Vegetables,Food,40.31135953417156,13.573763106685641,0.3367230295266844,0.3367230295266844
Southeast Asia,29,2021,Wheat,Food,7.978350984207995,26.5711317398,3.3304039634748777,3.3304039634748777
Taiwan,30,2021,Beef,Food,0.16717512994548536,0.2607009646666667,1.5594482549628013,1.5594482549628013
Taiwan,30,2021,Corn,Food,0.17447448686724498,0.5948331856999999,3.4092846259671163,3.4092846259671163
Taiwan,30,2021,Dairy,Food,1.0487245003284946,0.9521175188666667,0.90788144891097,0.90788144891097
Taiwan,30,2021,FiberCrop,Food,0,0,6.795916408029903,NA
Taiwan,30,2021,Fruits,Food,2.296331734098762,1.1008884201333333,0.4794117521375444,0.47941175213754444
Taiwan,30,2021,Legumes,Food,0.05821990788181666,0.18589744770000002,3.1930220170970043,3.1930220170970043
Taiwan,30,2021,MiscCrop,Food,0.11513275565261887,0.27016791706666665,2.3465773535536956,2.3465773535536956
Taiwan,30,2021,NutsSeeds,Food,0.17532087396969392,0.5560036230666667,3.1713486847138226,3.171348684713823
Taiwan,30,2021,OilCrop,Food,0.10593953645895471,0.5280884207333334,4.9848096224013245,4.9848096224013245
Taiwan,30,2021,OilPalm,Food,0.37243296925571295,0.8567597147333332,2.300440040111167,2.300440040111167
Taiwan,30,2021,OtherGrain,Food,0.17166954050356034,0.5071021466333333,2.9539436358124127,2.9539436358124127
Taiwan,30,2021,OtherMeat_Fish,Food,0.7947560517550925,0.6274830182000001,0.7895290848233285,0.7895290848233285
Taiwan,30,2021,Pork,Food,0.8682368221061074,2.1987959969999995,2.5324841575669597,2.5324841575669597
Taiwan,30,2021,Poultry,Food,1.3526019435821095,1.8812057444666666,1.3908051466232927,1.3908051466232927
Taiwan,30,2021,Rice,Food,1.3209190510457889,3.413981997966667,2.5845505031241487,2.5845505031241487
Taiwan,30,2021,RootTuber,Food,0.3615845534183751,0.27580976706666666,0.7627808335815114,0.7627808335815113
Taiwan,30,2021,SheepGoat,Food,0.049360683333333336,0.07656101186666668,1.551052511766281,1.5510525117662812
Taiwan,30,2021,Soybean,Food,0.8798382066849696,4.642842645033332,5.276927746212009,5.276927746212009
Taiwan,30,2021,SugarCrop,Food,3.6176695533490792,2.1477525128333332,0.5936839949478079,0.5936839949478079
Taiwan,30,2021,Vegetables,Food,2.6381350741550924,0.9535343408333332,0.36144257743842734,0.36144257743842734
Taiwan,30,2021,Wheat,Food,0.9951875693779685,3.1971119879666667,3.212572269130118,3.212572269130118
USA,1,2021,Beef,Food,10.502816360040876,17.632028935628014,1.6787905578080002,1.6787905578080002
USA,1,2021,Corn,Food,5.590207833891308,16.960443702959928,3.0339558397337565,3.0339558397337565
USA,1,2021,Dairy,Food,54.13928789302812,56.25012834266666,1.0389890693392436,1.0389890693392436
USA,1,2021,FiberCrop,Food,0.12496977165201856,0.8445431700000001,6.757979620476955,6.757979620476955
USA,1,2021,Fruits,Food,40.554105729321385,18.508983040917197,0.45640219918682257,0.45640219918682245
USA,1,2021,Legumes,Food,1.4449214221301943,4.689108373804964,3.245234171206338,3.245234171206338
USA,1,2021,MiscCrop,Food,2.6723296446508287,6.294879486078545,2.3555774635359574,2.3555774635359574
USA,1,2021,NutsSeeds,Food,3.6192037078017054,13.386344527,3.6986988320507743,3.6986988320507743
USA,1,2021,OilCrop,Food,2.41301036339176,12.40217204895922,5.139709400802804,5.139709400802804
USA,1,2021,OilPalm,Food,0.06195883805950492,0.1418772,2.2898621801742305,2.2898621801742305
USA,1,2021,OtherGrain,Food,4.637642628295823,16.416451840633332,3.5398268379868294,3.5398268379868294
USA,1,2021,OtherMeat_Fish,Food,8.541949557608604,7.36778956620266,0.8625419193256556,0.8625419193256556
USA,1,2021,Pork,Food,8.206674689403643,21.556005759886165,2.6266431381420556,2.6266431381420556
USA,1,2021,Poultry,Food,23.869690049758677,31.833229516420214,1.333625591704826,1.333625591704826
USA,1,2021,Rice,Food,3.54159153400896,9.577499477568795,2.7042925152713457,2.7042925152713457
USA,1,2021,RootTuber,Food,17.84791663356702,11.843675603964893,0.6635886892081397,0.6635886892081397
USA,1,2021,SheepGoat,Food,0.22516174490386684,0.4733238755560283,2.1021505041103437,2.1021505041103437
USA,1,2021,Soybean,Food,4.708913129399467,40.9739417744,8.701358604087362,8.701358604087362
USA,1,2021,SugarCrop,Food,65.71024326747825,42.23699153923475,0.6427763684773781,0.6427763684773781
USA,1,2021,Vegetables,Food,34.62764515147641,9.233562857539361,0.2666529247700135,0.2666529247700135
USA,1,2021,Wheat,Food,21.629410718340228,74.62214533146667,3.450031362536951,3.4500313625369508
